Time (ns) ,Number of positrons
25289.4,4826720
25438.6,4599400
25587.8,4297430
25737,3981480
25886.2,3659650
26035.4,3351680
26184.6,3076500
26333.8,2831150
26483,2636800
26632.2,2498780
26781.4,2421840
26930.6,2412920
27079.8,2463530
27229,2575730
27378.2,2750690
27527.4,2967860
27676.6,3225860
27825.8,3503720
27975,3793630
28124.2,4080940
28273.4,4354290
28422.6,4602680
28571.8,4808870
28721,4966380
28870.2,5064720
29019.4,5107300
29168.6,5077970
29317.8,4989990
29467,4840710
29616.2,4636080
29765.4,4385350
29914.6,4111100
30063.8,3811180
30213,3505280
30362.2,3209090
30511.4,2934050
30660.6,2692030
30809.8,2493730
30959,2349840
31108.2,2263210
31257.4,2238560
31406.6,2277620
31555.8,2373690
31705,2523700
31854.2,2723140
32003.4,2958660
32152.6,3219570
32301.8,3491770
32451,3767130
32600.2,4028650
32749.4,4256520
32898.6,4462610
33047.8,4615170
33197,4712140
33346.2,4754000
33495.4,4740180
33644.6,4667310
33793.8,4538310
33943,4365180
34092.2,4146750
34241.4,3900060
34390.6,3629740
34539.8,3352710
34689,3077680
34838.2,2817180
34987.4,2582160
35136.6,2389650
35285.8,2235200
35435,2141240
35584.2,2099020
35733.4,2115950
35882.6,2187330
36031.8,2311770
36181,2481330
36330.2,2695180
36479.4,2933460
36628.6,3182040
36777.8,3438110
36927,3694690
37076.2,3922890
37225.4,4129180
37374.6,4288900
37523.8,4399250
37673,4461800
37822.2,4461300
37971.4,4407760
38120.6,4293250
38269.8,4140220
38419,3937190
38568.2,3703300
38717.4,3452000
38866.6,3188510
39015.8,2925880
39165,2678350
39314.2,2451560
39463.4,2266700
39612.6,2115730
39761.8,2016190
39911,1966220
40060.2,1972650
40209.4,2029300
40358.6,2136280
40507.8,2285360
40657,2475880
40806.2,2686720
40955.4,2925880
41104.6,3156120
41253.8,3392250
41403,3605960
41552.2,3798650
41701.4,3952490
41850.6,4070330
41999.8,4132420
42149,4155680
42298.2,4118780
42447.4,4042550
42596.6,3908090
42745.8,3738500
42895,3533640
43044.2,3301350
43193.4,3058000
43342.6,2812600
43491.8,2572870
43641,2353140
43790.2,2162280
43939.4,2009620
44088.6,1900620
44237.8,1839570
44387,1827990
44536.2,1867880
44685.4,1956720
44834.6,2087770
44983.8,2257640
45133,2459350
45282.2,2673320
45431.4,2900930
45580.6,3126330
45729.8,3336420
45879,3526590
46028.2,3678500
46177.4,3794450
46326.6,3863890
46475.8,3889620
46625,3867360
46774.2,3795850
46923.4,3676090
47072.6,3523460
47221.8,3337780
47371,3129580
47520.2,2906590
47669.4,2678120
47818.6,2454020
47967.8,2248150
48117,2068310
48266.2,1915960
48415.4,1806600
48564.6,1734830
48713.8,1713550
48863,1740000
49012.2,1810300
49161.4,1919160
49310.6,2067340
49459.8,2243020
49609,2434780
49758.2,2645160
49907.4,2854610
50056.6,3052950
50205.8,3235510
50355,3393180
50504.2,3516880
50653.4,3600120
50802.6,3638000
50951.8,3631990
51101,3580120
51250.2,3483540
51399.4,3346480
51548.6,3178840
51697.8,2982200
51847,2773350
51996.2,2559760
52145.4,2344120
52294.6,2143440
52443.8,1965060
52593,1813770
52742.2,1701130
52891.4,1628000
53040.6,1597550
53189.8,1610460
53339,1670440
53488.2,1765550
53637.4,1898710
53786.6,2058060
53935.8,2239600
54085,2434940
54234.2,2628050
54383.4,2817290
54532.6,2985050
54681.8,3137110
54831,3256410
54980.2,3338110
55129.4,3381170
55278.6,3386110
55427.8,3344990
55577,3267360
55726.2,3157380
55875.4,3006010
56024.6,2838850
56173.8,2647550
56323,2448060
56472.2,2248140
56621.4,2058260
56770.6,1884310
56919.8,1736300
57069,1619920
57218.2,1539730
57367.4,1497560
57516.6,1497810
57665.8,1539580
57815,1618870
57964.2,1731960
58113.4,1874800
58262.6,2038340
58411.8,2220850
58561,2402980
58710.2,2586820
58859.4,2756380
59008.6,2906520
59157.8,3029390
59307,3114090
59456.2,3169940
59605.4,3184330
59754.6,3149310
59903.8,3085560
60053,2981430
60202.2,2845070
60351.4,2685260
60500.6,2510360
60649.8,2324040
60799,2139730
60948.2,1958570
61097.4,1794760
61246.6,1651720
61395.8,1536860
61545,1454970
61694.2,1409700
61843.4,1402970
61992.6,1432250
62141.8,1496280
62291,1594760
62440.2,1722800
62589.4,1867490
62738.6,2032870
62887.8,2200160
63037,2370630
63186.2,2528110
63335.4,2672590
63484.6,2788030
63633.8,2882620
63783,2942690
63932.2,2966680
64081.4,2951890
64230.6,2900720
64379.8,2818150
64529,2703140
64678.2,2562150
64827.4,2397970
64976.6,2227090
65125.8,2049880
65275,1877680
65424.2,1715780
65573.4,1574650
65722.6,1459350
65871.8,1368550
66021,1319870
66170.2,1300990
66319.4,1321060
66468.6,1372980
66617.8,1459920
66767,1574770
66916.2,1711060
67065.4,1860380
67214.6,2024060
67363.8,2181380
67513,2337060
67662.2,2472550
67811.4,2590200
67960.6,2680150
68109.8,2741440
68259,2769990
68408.2,2758540
68557.4,2718040
68706.6,2643620
68855.8,2543320
69005,2419420
69154.2,2273810
69303.4,2119010
69452.6,1957050
69601.8,1794640
69751,1643980
69900.2,1507400
70049.4,1394100
70198.6,1305650
70347.8,1247100
70497,1219700
70646.2,1232270
70795.4,1270750
70944.6,1341350
71093.8,1439300
71243,1557840
71392.2,1697740
71541.4,1842800
71690.6,1992330
71839.8,2136310
71989,2274840
72138.2,2394200
72287.4,2487230
72436.6,2554850
72585.8,2591400
72735,2593680
72884.2,2565570
73033.4,2502570
73182.6,2410530
73331.8,2299400
73481,2164960
73630.2,2018150
73779.4,1866550
73928.6,1711750
74077.8,1566780
74227,1433950
74376.2,1320840
74525.4,1233180
74674.6,1173680
74823.8,1143500
74973,1144770
75122.2,1176410
75271.4,1238180
75420.6,1324120
75569.8,1432830
75719,1558210
75868.2,1691450
76017.4,1831550
76166.6,1966600
76315.8,2093290
76465,2205080
76614.2,2297990
76763.4,2366120
76912.6,2403280
77061.8,2417270
77211,2397250
77360.2,2354430
77509.4,2277050
77658.6,2184110
77807.8,2058270
77957,1928120
78106.2,1783490
78255.4,1643560
78404.6,1504910
78553.8,1375010
78703,1260540
78852.2,1173220
79001.4,1109470
79150.6,1073960
79299.8,1062920
79449,1085950
79598.2,1135000
79747.4,1209450
79896.6,1306140
80045.8,1421590
80195,1547910
80344.2,1677200
80493.4,1809120
80642.6,1930220
80791.8,2042520
80941,2135160
81090.2,2207140
81239.4,2249680
81388.6,2265530
81537.8,2251270
81687,2212610
81836.2,2143260
81985.4,2057650
82134.6,1946630
82283.8,1826020
82433,1698280
82582.2,1564030
82731.4,1432000
82880.6,1311320
83029.8,1205830
83179,1116000
83328.2,1050880
83477.4,1012790
83626.6,996492
83775.8,1009600
83925,1050240
84074.2,1113320
84223.4,1196640
84372.6,1298500
84521.8,1411130
84671,1533280
84820.2,1652390
84969.4,1766450
85118.6,1875140
85267.8,1968340
85417,2038970
85566.2,2090820
85715.4,2115030
85864.6,2112110
86013.8,2083120
86163,2029000
86312.2,1952320
86461.4,1854700
86610.6,1743970
86759.8,1621100
86909,1496900
87058.2,1373780
87207.4,1253110
87356.6,1147870
87505.8,1061030
87655,994367
87804.2,948612
87953.4,929428
88102.6,936068
88251.8,967062
88401,1023320
88550.2,1100100
88699.4,1191040
88848.6,1295860
88997.8,1406200
89147,1522670
89296.2,1632600
89445.4,1734720
89594.6,1820720
89743.8,1891170
89893,1941290
90042.2,1967020
90191.4,1970120
90340.6,1947330
90489.8,1903350
90639,1839310
90788.2,1752720
90937.4,1652780
91086.6,1542010
91235.8,1429200
91385,1313740
91534.2,1203130
91683.4,1099180
91832.6,1014130
91981.8,944980
92131,896942
92280.2,871996
92429.4,871994
92578.6,893379
92727.8,938568
92877,1003970
93026.2,1084630
93175.4,1180160
93324.6,1284440
93473.8,1391450
93623,1496140
93772.2,1598570
93921.4,1683290
94070.6,1757450
94219.8,1810200
94369,1841040
94518.2,1849750
94667.4,1832760
94816.6,1796570
94965.8,1738290
95115,1660870
95264.2,1568300
95413.4,1466690
95562.6,1357940
95711.8,1252320
95861,1145910
96010.2,1048910
96159.4,965732
96308.6,896560
96457.8,846502
96607,819115
96756.2,813492
96905.4,830650
97054.6,868986
97203.8,923533
97353,995571
97502.2,1085000
97651.4,1178610
97800.6,1273500
97949.8,1372500
98099,1465360
98248.2,1549160
98397.4,1620110
98546.6,1670090
98695.8,1706400
98845,1723160
98994.2,1715200
99143.4,1690900
99292.6,1640880
99441.8,1575200
99591,1494480
99740.2,1399970
99889.4,1300620
100039,1200030
100188,1098550
100337,1003370
100486,921712
100635,852005
100785,800927
100934,768061
101083,757254
101232,766482
101381,797160
101531,846483
101680,911254
101829,991828
101978,1078010
102127,1168710
102277,1264580
102426,1352180
102575,1436220
102724,1503540
102873,1557620
103023,1595560
103172,1609140
103321,1607640
103470,1584620
103619,1541010
103769,1483470
103918,1410400
104067,1328660
104216,1236300
104365,1142110
104515,1049440
104664,960166
104813,880935
104962,811668
105111,761860
105261,726676
105410,710988
105559,713683
105708,737725
105857,777768
106007,833652
106156,903816
106305,982881
106454,1067510
106603,1151530
106753,1240290
106902,1318400
107051,1386240
107200,1440760
107349,1482420
107499,1503910
107648,1510310
107797,1491920
107946,1458850
108095,1406460
108245,1341760
108394,1266320
108543,1176940
108692,1089900
108841,1000440
108991,915451
109140,838407
109289,771185
109438,716992
109587,683344
109737,664850
109886,664156
110035,682137
110184,716535
110333,766850
110483,828800
110632,902659
110781,981067
110930,1060780
111079,1141130
111229,1215400
111378,1278790
111527,1332730
111676,1373420
111825,1398610
111975,1406530
112124,1395140
112273,1368360
112422,1327360
112571,1267800
112721,1202260
112870,1122860
113019,1042090
113168,960980
113317,880902
113467,804550
113616,737499
113765,686422
113914,646570
114063,622683
114213,618174
114362,629798
114511,658186
114660,700971
114809,756392
114959,821540
115108,895718
115257,970696
115406,1047470
115555,1119440
115705,1185060
115854,1239800
116003,1280130
116152,1305520
116301,1313770
116451,1309390
116600,1290080
116749,1249500
116898,1199950
117047,1136080
117197,1067260
117346,987994
117495,915068
117644,837522
117793,766000
117943,704668
118092,652644
118241,614016
118390,587279
118539,579792
118689,585802
118838,607861
118987,645607
119136,693976
119285,752638
119435,819012
119584,887328
119733,958290
119882,1025610
120031,1087770
120181,1141950
120330,1184870
120479,1213480
120628,1228480
120777,1230130
120927,1213330
121076,1179810
121225,1138120
121374,1079750
121523,1017700
121673,946585
121822,875415
121971,803134
122120,733042
122269,671354
122419,620090
122568,578470
122717,551300
122866,540824
123015,543330
123165,560489
123314,591746
123463,637014
123612,688175
123761,749122
123911,815010
124060,882138
124209,946619
124358,1006450
124507,1057190
124657,1100170
124806,1127870
124955,1147160
125104,1144220
125253,1135700
125403,1109530
125552,1071710
125701,1022320
125850,964472
125999,902670
126149,835841
126298,767276
126447,703502
126596,644179
126745,593086
126895,551117
127044,522342
127193,509100
127342,506147
127491,517382
127641,544952
127790,580598
127939,627780
128088,684113
128237,744606
128387,804956
128536,867135
128685,924838
128834,975652
128983,1018230
129133,1049700
129282,1068290
129431,1074600
129580,1067610
129729,1045860
129879,1012960
130028,969476
130177,916088
130326,857990
130475,792722
130625,730538
130774,669840
130923,613212
131072,563437
131221,522684
131371,493266
131520,477356
131669,472980
131818,481516
131967,502668
132117,535208
132266,578025
132415,629122
132564,682058
132713,738832
132863,797511
133012,849645
133161,898152
133310,940843
133459,971278
133609,993522
133758,1001150
133907,998016
134056,983983
134205,957593
134355,916906
134504,872698
134653,817816
134802,759140
134951,699913
135101,642329
135250,586994
135399,539156
135548,498013
135697,468177
135847,446896
135996,440277
136145,445140
136294,461392
136443,488949
136593,527774
136742,572960
136891,624368
137040,676640
137189,731872
137339,784260
137488,830592
137637,871236
137786,904322
137935,926584
138085,936346
138234,935501
138383,924049
138532,898866
138681,864380
138831,822434
138980,773751
139129,721556
139278,667200
139427,612336
139577,560392
139726,514845
139875,474787
140024,443934
140173,423108
140323,413466
140472,416096
140621,428932
140770,450228
140919,483502
141069,523375
141218,569313
141367,617506
141516,667593
141665,717911
141815,765080
141964,805096
142113,836936
142262,862214
142411,875626
142561,876184
142710,867188
142859,851156
143008,820718
143157,781365
143307,737518
143456,688183
143605,636770
143754,585872
143903,536159
144053,491530
144202,452118
144351,420290
144500,398244
144649,387595
144799,385226
144948,395906
145097,415426
145246,442348
145395,480140
145545,520884
145694,567802
145843,615948
145992,661077
146141,705076
146291,741352
146440,773298
146589,798116
146738,812005
146887,817056
147037,811156
147186,794891
147335,773074
147484,740134
147633,701034
147783,655750
147932,607935
148081,560516
148230,512771
148379,469076
148529,431334
148678,400096
148827,377390
148976,363780
149125,360131
149275,365603
149424,381570
149573,405823
149722,437076
149871,474948
150021,517032
150170,560786
150319,604624
150468,648520
150617,685567
150767,718222
150916,742744
151065,760096
151214,766542
151363,762380
151513,751370
151662,728190
151811,699534
151960,664641
152109,622542
152259,577547
152408,534226
152557,488148
152706,447974
152855,411115
153005,380690
153154,357776
153303,343008
153452,337372
153601,340381
153751,352801
153900,375246
154049,401630
154198,434938
154347,474356
154497,514119
154646,556386
154795,595290
154944,629357
155093,661379
155243,687754
155392,704417
155541,714160
155690,714308
155839,705380
155989,687349
156138,662699
156287,629891
156436,594023
156585,553136
156735,510858
156884,467893
157033,428568
157182,392589
157331,362288
157481,338646
157630,321514
157779,314388
157928,315932
158077,325410
158227,343564
158376,367085
158525,398816
158674,434886
158823,470839
158973,511258
159122,547644
159271,582810
159420,613390
159569,638958
159719,655594
159868,666122
160017,667483
160166,661102
160315,645960
160465,625702
160614,595360
160763,562801
160912,525934
161061,486991
161211,447478
161360,411341
161509,375851
161658,346444
161807,321356
161957,304980
162106,295318
162255,294778
162404,301393
162553,315926
162703,336668
162852,363898
163001,395774
163150,430908
163299,466431
163449,500082
163598,536323
163747,565660
163896,590316
164045,610452
164195,621348
164344,624184
164493,622268
164642,610332
164791,589956
164941,563536
165090,536274
165239,501304
165388,462462
165537,427156
165687,390012
165836,357496
165985,329086
166134,305033
166283,287792
166433,276927
166582,275014
166731,279488
166880,291980
167029,309961
167179,333794
167328,362776
167477,394216
167626,428602
167775,460710
167925,491835
168074,521586
168223,545462
168372,563849
168521,575557
168671,583052
168820,581070
168969,572866
169118,557526
169267,534142
169417,507970
169566,477135
169715,444245
169864,409187
170013,375371
170163,343430
170312,315972
170461,291032
170610,273096
170759,260971
170909,255448
171058,258616
171207,268201
171356,282932
171505,306294
171655,331263
171804,361049
171953,392335
172102,424659
172251,454762
172401,482678
172550,506718
172699,524331
172848,537568
172997,543692
173147,545838
173296,537057
173445,523888
173594,504805
173743,480609
173893,451782
174042,422295
174191,390132
174340,357524
174489,326790
174639,300430
174788,277322
174937,258480
175086,245796
175235,241128
175385,241804
175534,248042
175683,262302
175832,278929
175981,301855
176131,329498
176280,358585
176429,387124
176578,414688
176727,441510
176877,466384
177026,483820
177175,499221
177324,506947
177473,509064
177623,505072
177772,494960
177921,478449
178070,456671
178219,430962
178369,402897
178518,372549
178667,342326
178816,313833
178965,285750
179115,263334
179264,245614
179413,232010
179562,225204
179711,224406
179861,230521
180010,240984
180159,256928
180308,278220
180457,302572
180607,328406
180756,355428
180905,382582
181054,407025
181203,430375
181353,450792
181502,464575
181651,472179
181800,474920
181949,472596
182099,464675
182248,448920
182397,431592
182546,409200
182695,382530
182845,355971
182994,326672
183143,299705
183292,274413
183441,251280
183591,233396
183740,220294
183889,211790
184038,209380
184187,212786
184337,222067
184486,234719
184635,254172
184784,274606
184933,299606
185083,325858
185232,349717
185381,376580
185530,397894
185679,415980
185829,431523
185978,440984
186127,446041
186276,444436
186425,436894
186575,425082
186724,408182
186873,387276
187022,362996
187171,338094
187321,313095
187470,285851
187619,261533
187768,240300
187917,221913
188067,208854
188216,199478
188365,195721
188514,198568
188663,205289
188813,217094
188962,232946
189111,252608
189260,274376
189409,297943
189559,320868
189708,344598
189857,364712
190006,385343
190155,399284
190305,410176
190454,415450
190603,414111
190752,411591
190901,400952
191051,387942
191200,367168
191349,346879
191498,323153
191647,298045
191797,273339
191946,251203
192095,229433
192244,211560
192393,197020
192543,187344
192692,182942
192841,183717
192990,188802
193139,199108
193289,213015
193438,230358
193587,252346
193736,272018
193885,295917
194035,317683
194184,338224
194333,355686
194482,370873
194631,379800
194781,387752
194930,388844
195079,384353
195228,374868
195377,363278
195527,348738
195676,328597
195825,307496
195974,285071
196123,262334
196273,239940
196422,219330
196571,201515
196720,187994
196869,177720
197019,172448
197168,170949
197317,174385
197466,183164
197615,195733
197765,209984
197914,228473
198063,248536
198212,269798
198361,290466
198511,309864
198660,328369
198809,343586
198958,354624
199107,360579
199257,361914
199406,361112
199555,354640
199704,345164
199853,329538
200003,311430
200152,292720
200301,270320
200450,249702
200599,227958
200749,209002
200898,192413
201047,178880
201196,168555
201345,160960
201495,159424
201644,161672
201793,169380
201942,178562
202091,194282
202241,209726
202390,228916
202539,246984
202688,267694
202837,286083
202987,302366
203136,317434
203285,326953
203434,334981
203583,338472
203733,338243
203882,332164
204031,323885
204180,311776
204329,296766
204479,277869
204628,259882
204777,238826
204926,219606
205075,201520
205225,183320
205374,169723
205523,159528
205672,152322
205821,148216
205971,150260
206120,155906
206269,163852
206418,176708
206567,190932
206717,209690
206866,226288
207015,244924
207164,262934
207313,279026
207463,293916
207612,304450
207761,312096
207910,316590
208059,317417
208209,312040
208358,305236
208507,294902
208656,280725
208805,263986
208955,246240
209104,227770
209253,209102
209402,191246
209551,174440
209701,161578
209850,151540
209999,144292
210148,140488
210297,140216
210447,144618
210596,151460
210745,162144
210894,175022
211043,191104
211193,207263
211342,224945
211491,240232
211640,256280
211789,270152
211939,281750
212088,290936
212237,295308
212386,297071
212535,293833
212685,287959
212834,277416
212983,265680
213132,251608
213281,235046
213431,218658
213580,199640
213729,182834
213878,167983
214027,154058
214177,143875
214326,135822
214475,131394
214624,130260
214773,133324
214923,139870
215072,148390
215221,160368
215370,174542
215519,189441
215669,206155
215818,221777
215967,237432
216116,249964
216265,261058
216415,269902
216564,275146
216713,276531
216862,275354
217011,270862
217161,261558
217310,251428
217459,238172
217608,223433
217757,207590
217907,191556
218056,175795
218205,160083
218354,146922
218503,136076
218653,128930
218802,122682
218951,121947
219100,123928
219249,128081
219399,136349
219548,147250
219697,159782
219846,173763
219995,188354
220145,202534
220294,216224
220443,230624
220592,242070
220741,249658
220891,255805
221040,259000
221189,257920
221338,254240
221487,247024
221637,237299
221786,226658
221935,212092
222084,198363
222233,182258
222383,167022
222532,152965
222681,140002
222830,129540
222979,121300
223129,116214
223278,114092
223427,114881
223576,118743
223725,125754
223875,135080
224024,145872
224173,158420
224322,173278
224471,186408
224621,200064
224770,211915
224919,222535
225068,231256
225217,237460
225367,240915
225516,241297
225665,238888
225814,233810
225963,225756
226113,214110
226262,202925
226411,189054
226560,174130
226709,160372
226859,146681
227008,133688
227157,123574
227306,115112
227455,109293
227605,106686
227754,106905
227903,109920
228052,115297
228201,123338
228351,133741
228500,144973
228649,158046
228798,171612
228947,183580
229097,195830
229246,206492
229395,215542
229544,222302
229693,225282
229843,226462
229992,223528
230141,219447
230290,211840
230439,203176
230589,192548
230738,179105
230887,165776
231036,152855
231185,140371
231335,128528
231484,117429
231633,109360
231782,103712
231931,100468
232081,99150
232230,101712
232379,106169
232528,113022
232677,122208
232827,132824
232976,144378
233125,156902
233274,169062
233423,180544
233573,190086
233722,198713
233871,205480
234020,209956
234169,210902
234319,211294
234468,206436
234617,201616
234766,192580
234915,181944
235065,170058
235214,158340
235363,145877
235512,133999
235661,122845
235811,112276
235960,103948
236109,97956
236258,94056
236407,92470
236557,94645
236706,97513
236855,103888
237004,112530
237153,121318
237303,131562
237452,143668
237601,154256
237750,165780
237899,175516
238049,184046
238198,189824
238347,194444
238496,196312
238645,196705
238795,193718
238944,189162
239093,181324
239242,172382
239391,162130
239541,151520
239690,139773
239839,128208
239988,117126
240137,107530
240287,99188
240436,92609
240585,88794
240734,87169
240883,87274
241033,90654
241182,94670
241331,102692
241480,111128
241629,120750
241779,131693
241928,141398
242077,152514
242226,161714
242375,169614
242525,177294
242674,181877
242823,184044
242972,183906
243121,183079
243271,177931
243420,171342
243569,163632
243718,154215
243867,143998
244017,132826
244166,122004
244315,111696
244464,102447
244613,94370
244763,87822
244912,83433
245061,81575
245210,81428
245359,83578
245509,87647
245658,93528
245807,101669
245956,110673
246105,120262
246255,129645
246404,139650
246553,148077
246702,156846
246851,163702
247001,168326
247150,170832
247299,172492
247448,170868
247597,166616
247747,162192
247896,154902
248045,146837
248194,137260
248343,127034
248493,117058
248642,106768
248791,97961
248940,90711
249089,83991
249239,79120
249388,75931
249537,75192
249686,77026
249835,80522
249985,85656
250134,93159
250283,101080
250432,109548
250581,119358
250731,128388
250880,136998
251029,145334
251178,150884
251327,156028
251477,160671
251626,161331
251775,159660
251924,157390
252073,152756
252223,146263
252372,138844
252521,129992
252670,120058
252819,111749
252969,102424
253118,93723
253267,85942
253416,79435
253565,74754
253715,71768
253864,70709
254013,71216
254162,74673
254311,79218
254461,84870
254610,92242
254759,100314
254908,109226
255057,117818
255207,125943
255356,133646
255505,140614
255654,145438
255803,148562
255953,150236
256102,150254
256251,148123
256400,144290
256549,138680
256699,131682
256848,124518
256997,115020
257146,106486
257295,97741
257445,89266
257594,82330
257743,75650
257892,70715
258041,67643
258191,66281
258340,66233
258489,68939
258638,73030
258787,78322
258937,84135
259086,91994
259235,99306
259384,108559
259533,115904
259683,123425
259832,129602
259981,135123
260130,137184
260279,139891
260429,140711
260578,139144
260727,135833
260876,131188
261025,125652
261175,117769
261324,110049
261473,101860
261622,93266
261771,85295
261921,78366
262070,72458
262219,67144
262368,63483
262517,61509
262667,61741
262816,63407
262965,66904
263114,70942
263263,76998
263413,84093
263562,91408
263711,99588
263860,106668
264009,114066
264159,120136
264308,124697
264457,128493
264606,131034
264755,132110
264905,130850
265054,127420
265203,123398
265352,118885
265501,111829
265651,105462
265800,96950
265949,89676
266098,81712
266247,75183
266397,68141
266546,63686
266695,60567
266844,58383
266993,57563
267143,59310
267292,61442
267441,65982
267590,71010
267739,77026
267889,83124
268038,90504
268187,97901
268336,104016
268485,110130
268635,115108
268784,119238
268933,121984
269082,122758
269231,122218
269381,120142
269530,116472
269679,112663
269828,106958
269977,100194
270127,92302
270276,85208
270425,77807
270574,71497
270723,65698
270873,61077
271022,56915
271171,54795
271320,53945
271469,55125
271619,56960
271768,60303
271917,64752
272066,70666
272215,76448
272365,82454
272514,89838
272663,95661
272812,101815
272961,107577
273111,110630
273260,113462
273409,114908
273558,114622
273707,112446
273857,109902
274006,105300
274155,100310
274304,94620
274453,88384
274603,82225
274752,74462
274901,68825
275050,62849
275199,57742
275349,54199
275498,51875
275647,50887
275796,50420
275945,52277
276095,54838
276244,59669
276393,63791
276542,69494
276691,76337
276841,82076
276990,88106
277139,93625
277288,98595
277437,102903
277587,105374
277736,107312
277885,107125
278034,106408
278183,103830
278333,100097
278482,95117
278631,89967
278780,83951
278929,77465
279079,71431
279228,65234
279377,59912
279526,55258
279675,51254
279825,48409
279974,47402
280123,47283
280272,48477
280421,50960
280571,54486
280720,58296
280869,64028
281018,69449
281167,75469
281317,80694
281466,85799
281615,90614
281764,94090
281913,98272
282063,99760
282212,100936
282361,99748
282510,98028
282659,94681
282809,90024
282958,84788
283107,80184
283256,74404
283405,68297
283555,62622
283704,57393
283853,52528
284002,48691
284151,46387
284301,44446
284450,44230
284599,44688
284748,46949
284897,50117
285047,54030
285196,58895
285345,63795
285494,68635
285643,74572
285793,79490
285942,84333
286091,88019
286240,90495
286389,92525
286539,93648
286688,92981
286837,91895
286986,89180
287135,85579
287285,80555
287434,75818
287583,70620
287732,65117
287881,59601
288031,55376
288180,50315
288329,46846
288478,43379
288627,41737
288777,41504
288926,41710
289075,43380
289224,45916
289373,48986
289523,53176
289672,58511
289821,63238
289970,68435
290119,73435
290269,77799
290418,81146
290567,84531
290716,86333
290865,87171
291015,87329
291164,86115
291313,83758
291462,80678
291611,77376
291761,72482
291910,67544
292059,62283
292208,57335
292357,52077
292507,47971
292656,43895
292805,41403
292954,39744
293103,38458
293253,38598
293402,40035
293551,42198
293700,45123
293849,49052
293999,53123
294148,58133
294297,62522
294446,67128
294595,71189
294745,75407
294894,78396
295043,80732
295192,80888
295341,81972
295491,80833
295640,79067
295789,76011
295938,72759
296087,69462
296237,64432
296386,59547
296535,54345
296684,50285
296833,45713
296983,42147
297132,39363
297281,37281
297430,36230
297579,35701
297729,36822
297878,38655
298027,41676
298176,44650
298325,48781
298475,52846
298624,57527
298773,61636
298922,66022
299071,69277
299221,72645
299370,74919
299519,75607
299668,76308
299817,75923
299967,74206
300116,71995
300265,68875
300414,65330
300563,60843
300713,56929
300862,52053
301011,47872
301160,44219
301309,40018
301459,37277
301608,35242
301757,33871
301906,33541
302055,34318
302205,35985
302354,37750
302503,40865
302652,44385
302801,48271
302951,52786
303100,56269
303249,59910
303398,64099
303547,67079
303697,69179
303846,70728
303995,71444
304144,70997
304293,70350
304443,68169
304592,65155
304741,62008
304890,57679
305039,53880
305189,49844
305338,45696
305487,41741
305636,38399
305785,35618
305935,33270
306084,32080
306233,31298
306382,31520
306531,32761
306681,35071
306830,37643
306979,40899
307128,44149
307277,47912
307427,52109
307576,55796
307725,58970
307874,62129
308023,64635
308173,65512
308322,66657
308471,67048
308620,66012
308769,64228
308919,61809
309068,58847
309217,55692
309366,51388
309515,47431
309665,43661
309814,40123
309963,36705
310112,33636
310261,31390
310411,30285
310560,29367
310709,29902
310858,30116
311007,32035
311157,34120
311306,37169
311455,40802
311604,43976
311753,47663
311903,50904
312052,54683
312201,57121
312350,59883
312499,61271
312649,62222
312798,62690
312947,61691
313096,60569
313245,58326
313395,55684
313544,51980
313693,49070
313842,45408
313991,41690
314141,38097
314290,35349
314439,32319
314588,30048
314737,28178
314887,27673
315036,27315
315185,28259
315334,29229
315483,31721
315633,34047
315782,36777
315931,40209
316080,43508
316229,46858
316379,49965
316528,52695
316677,55161
316826,56996
316975,57827
317125,58278
317274,57768
317423,56882
317572,55283
317721,52612
317871,50168
318020,46747
318169,43338
318318,40183
318467,36580
318617,33415
318766,30708
318915,28490
319064,26976
319213,26000
319363,25845
319512,26253
319661,27098
319810,29047
319959,31221
320109,34172
320258,36562
320407,40170
320556,43420
320705,45991
320855,48793
321004,51035
321153,52576
321302,53763
321451,54543
321601,54280
321750,53965
321899,51789
322048,50162
322197,47333
322347,44529
322496,41485
322645,38019
322794,34835
322943,31714
323093,29316
323242,27170
323391,25572
323540,24477
323689,24030
323839,24084
323988,25129
324137,26705
324286,28426
324435,30955
324585,33485
324734,36328
324883,39112
325032,42222
325181,44982
325331,47287
325480,48687
325629,50270
325778,51129
325927,50772
326077,50143
326226,49036
326375,47154
326524,44826
326673,42672
326823,39300
326972,36275
327121,33552
327270,30531
327419,27965
327569,25717
327718,24271
327867,23045
328016,22616
328165,22474
328315,23185
328464,24212
328613,26589
328762,28219
328911,31060
329061,33615
329210,36016
329359,39161
329508,41126
329657,43693
329807,45342
329956,46905
330105,47772
330254,47979
330403,47042
330553,46281
330702,44543
330851,42158
331000,40130
331149,37802
331299,34609
331448,31713
331597,29313
331746,26621
331895,24753
332045,23121
332194,21539
332343,21138
332492,20952
332641,21435
332791,22548
332940,24098
333089,25730
333238,28175
333387,30536
333537,33292
333686,35911
333835,37922
333984,40230
334133,41933
334283,42978
334432,43675
334581,44639
334730,44345
334879,43148
335029,41606
335178,40527
335327,38014
335476,35790
335625,33248
335775,30944
335924,27876
336073,25476
336222,23210
336371,21645
336521,20416
336670,19811
336819,19403
336968,20172
337117,20712
337267,22198
337416,23786
337565,25758
337714,28026
337863,30211
338013,32793
338162,35118
338311,37194
338460,38795
338609,40131
338759,40820
338908,41440
339057,41320
339206,40755
339355,39650
339505,37819
339654,36398
339803,34129
339952,31707
340101,29258
340251,26355
340400,24403
340549,22359
340698,20670
340847,19527
340997,18431
341146,18221
341295,18588
341444,19063
341593,20208
341743,21782
341892,23602
342041,25678
342190,27906
342339,29952
342489,32262
342638,34447
342787,35809
342936,37544
343085,37906
343235,38808
343384,38826
343533,38383
343682,37236
343831,36293
343981,34252
344130,32368
344279,29980
344428,27863
344577,25168
344727,23155
344876,21635
345025,19876
345174,18362
345323,17561
345473,16882
345622,17339
345771,17625
345920,18579
346069,19833
346219,21415
346368,23407
346517,25539
346666,27700
346815,29684
346965,31421
347114,33202
347263,34530
347412,35695
347561,35815
347711,36233
347860,35511
348009,35289
348158,33564
348307,32208
348457,30561
348606,28716
348755,26605
348904,24400
349053,22543
349203,20616
349352,18973
349501,17527
349650,16548
349799,16055
349949,16223
350098,16380
350247,17129
350396,18383
350545,19843
350695,21396
350844,23747
350993,24944
351142,27172
351291,28779
351441,30597
351590,32160
351739,32737
351888,33622
352037,34040
352187,33511
352336,32963
352485,31979
352634,30645
352783,29308
352933,27378
353082,25017
353231,23200
353380,20961
353529,19569
353679,17941
353828,16405
353977,15736
354126,14935
354275,14889
354425,15302
354574,15751
354723,16857
354872,18088
355021,19334
355171,21260
355320,22876
355469,25015
355618,26746
355767,28038
355917,29610
356066,30524
356215,31611
356364,31862
356513,31787
356663,31345
356812,30158
356961,28940
357110,27879
357259,25908
357409,24065
357558,22401
357707,20477
357856,18671
358005,17031
358155,15851
358304,14841
358453,14204
358602,13866
358751,14184
358901,14543
359050,15386
359199,16582
359348,17682
359497,19496
359647,21165
359796,22935
359945,24361
360094,26189
360243,27360
360393,28409
360542,29204
360691,29587
360840,29589
360989,29081
361139,28566
361288,27740
361437,26303
361586,24725
361735,23080
361885,21445
362034,19548
362183,17902
362332,16427
362481,15200
362631,14127
362780,13588
362929,12995
363078,13073
363227,13574
363377,14078
363526,15155
363675,16209
363824,17533
363973,19388
364123,20916
364272,22802
364421,24059
364570,25253
364719,26320
364869,26803
365018,27310
365167,27430
365316,27307
365465,26707
365615,25856
365764,24792
365913,23668
366062,22048
366211,20279
366361,18954
366510,17320
366659,15675
366808,14481
366957,13449
367107,12666
367256,12168
367405,12216
367554,12283
367703,12962
367853,13880
368002,15033
368151,16164
368300,17848
368449,19168
368599,20723
368748,22255
368897,23331
369046,24459
369195,25333
369345,25624
369494,25886
369643,25796
369792,25262
369941,24630
370091,23512
370240,22125
370389,21016
370538,19578
370687,17845
370837,16121
370986,15081
371135,13874
371284,12741
371433,11780
371583,11447
371732,11200
371881,11437
372030,11874
372179,12655
372329,13685
372478,14870
372627,16032
372776,17405
372925,18968
373075,20175
373224,21412
373373,22413
373522,23428
373671,23930
373821,24013
373970,24002
374119,23904
374268,23146
374417,22322
374567,21090
374716,19856
374865,18457
375014,16930
375163,15436
375313,14332
375462,13211
375611,11991
375760,11461
375909,10777
376059,10467
376208,10650
376357,11141
376506,11892
376655,12444
376805,13495
376954,14768
377103,16341
377252,17315
377401,18454
377551,19907
377700,20662
377849,21626
377998,22023
378147,22842
378297,22442
378446,22509
378595,21631
378744,20956
378893,20059
379043,18709
379192,17640
379341,16160
379490,14854
379639,13494
379789,12426
379938,11511
380087,10724
380236,10283
380385,9761
380535,10089
380684,10313
380833,10691
380982,11474
381131,12435
381281,13481
381430,14848
381579,15862
381728,17082
381877,18463
382027,19238
382176,20247
382325,20605
382474,20777
382623,21201
382773,20744
382922,20351
383071,19982
383220,18940
383369,17665
383519,16815
383668,15601
383817,14222
383966,12925
384115,12009
384265,10919
384414,10174
384563,9621
384712,9423
384861,9189
385011,9424
385160,9860
385309,10612
385458,11383
385607,12512
385757,13441
385906,14601
386055,15679
386204,16686
386353,17705
386503,18552
386652,19520
386801,19571
386950,19820
387099,19718
387249,19212
387398,18727
387547,17830
387696,16940
387845,15996
387995,14883
388144,13732
388293,12798
388442,11317
388591,10382
388741,9690
388890,9001
389039,8633
389188,8653
389337,8801
389487,9199
389636,9615
389785,10469
389934,11335
390083,12451
390233,13483
390382,14491
390531,15602
390680,16373
390829,17252
390979,17825
391128,18023
391277,18214
391426,18262
391575,18025
391725,17768
391874,16797
392023,16047
392172,15009
392321,14137
392471,12953
392620,11962
392769,10996
392918,9886
393067,9324
393217,8681
393366,8240
393515,8252
393664,8274
393813,8463
393963,8616
394112,9629
394261,10268
394410,11295
394559,12254
394709,13196
394858,14193
395007,15284
395156,15802
395305,16544
395455,16775
395604,17177
395753,17011
395902,17067
396051,16396
396201,16112
396350,15328
396499,14600
396648,13424
396797,12389
396947,11408
397096,10471
397245,9541
397394,8702
397543,8240
397693,7641
397842,7421
397991,7636
398140,7751
398289,8125
398439,8844
398588,9639
398737,10285
398886,11333
399035,12416
399185,13044
399334,14040
399483,14724
399632,15160
399781,15792
399931,15861
400080,16135
400229,16076
400378,15631
400527,14996
400677,14334
400826,13604
400975,12981
401124,12076
401273,10997
401423,10203
401572,9073
401721,8569
401870,7815
402019,7355
402169,7241
402318,7185
402467,7260
402616,7411
402765,8095
402915,8619
403064,9526
403213,10238
403362,11146
403511,11911
403661,12727
403810,13386
403959,14093
404108,14593
404257,15011
404407,14773
404556,15022
404705,14478
404854,14183
405003,13674
405153,12920
405302,12111
405451,11429
405600,10548
405749,9631
405899,9030
406048,7941
406197,7426
406346,6924
406495,6912
406645,6603
406794,6669
406943,7076
407092,7425
407241,8034
407391,8694
407540,9425
407689,10333
407838,11009
407987,11825
408137,12430
408286,13150
408435,13501
408584,13964
408733,14123
408883,13964
409032,13817
409181,13402
409330,12994
409479,12386
409629,11556
409778,10813
409927,9992
410076,9186
410225,8218
410375,7805
410524,7187
410673,6708
410822,6316
410971,6133
411121,6179
411270,6389
411419,6806
411568,7234
411717,7881
411867,8628
412016,9347
412165,10143
412314,10820
412463,11544
412613,12039
412762,12844
412911,12808
413060,13088
413209,13135
413359,12840
413508,12562
413657,12366
413806,11622
413955,10939
414105,10344
414254,9428
414403,8759
414552,7895
414701,7406
414851,6688
415000,6238
415149,5888
415298,5939
415447,5848
415597,5955
415746,6290
415895,6734
416044,7411
416193,7712
416343,8386
416492,9157
416641,9854
416790,10433
416939,11298
417089,11570
417238,11906
417387,12466
417536,12315
417685,12082
417835,11787
417984,11533
418133,11077
418282,10604
418431,9668
418581,9201
418730,8409
418879,7677
419028,6947
419177,6283
419327,6090
419476,5745
419625,5575
419774,5544
419923,5488
420073,5570
420222,6090
420371,6620
420520,7286
420669,7766
420819,8482
420968,9247
421117,9637
421266,10305
421415,10925
421565,10998
421714,11303
421863,11459
422012,11334
422161,11238
422311,10867
422460,10454
422609,9999
422758,9322
422907,8617
423057,7917
423206,7357
423355,6901
423504,6292
423653,5608
423803,5400
423952,5028
424101,5021
424250,5121
424399,5223
424549,5614
424698,5971
424847,6575
424996,7083
425145,7758
425295,8320
425444,8958
425593,9407
425742,10079
425891,10379
426041,10579
426190,10699
426339,10852
426488,10596
426637,10321
426787,10052
426936,9475
427085,8682
427234,8302
427383,7484
427533,6867
427682,6426
427831,5887
427980,5486
428129,5083
428279,4760
428428,4673
428577,4766
428726,4916
428875,5131
429025,5600
429174,5992
429323,6604
429472,7004
429621,7762
429771,8256
429920,8601
430069,9085
430218,9586
430367,9864
430517,10044
430666,10206
430815,10037
430964,9676
431113,9138
431263,9040
431412,8359
431561,7864
431710,7189
431859,6556
432009,6063
432158,5538
432307,5155
432456,4783
432605,4575
432755,4447
432904,4383
433053,4431
433202,4736
433351,5119
433501,5517
433650,6026
433799,6513
433948,7074
434097,7584
434247,8100
434396,8633
434545,8994
434694,9180
434843,9210
434993,9197
435142,9273
435291,9247
435440,8832
435589,8407
435739,8090
435888,7600
436037,6957
436186,6382
436335,5747
436485,5372
436634,4987
436783,4568
436932,4275
437081,4174
437231,4149
437380,4202
437529,4436
437678,4700
437827,4920
437977,5371
438126,5887
438275,6402
438424,7093
438573,7446
438723,7888
438872,8163
439021,8478
439170,8521
439319,8845
439469,8671
439618,8684
439767,8326
439916,7930
440065,7473
440215,6910
440364,6732
440513,6044
440662,5438
440811,5062
440961,4749
441110,4410
441259,4055
441408,3874
441557,3724
441707,3897
441856,4002
442005,4375
442154,4680
442303,4973
442453,5462
442602,5832
442751,6230
442900,6782
443049,7200
443199,7653
443348,7858
443497,7898
443646,8150
443795,8092
443945,7988
444094,7885
444243,7708
444392,7254
444541,6760
444691,6238
444840,5890
444989,5384
445138,4751
445287,4559
445437,4099
445586,3985
445735,3654
445884,3721
446033,3697
446183,3798
446332,3955
446481,4251
446630,4646
446779,4985
446929,5336
447078,5857
447227,6414
447376,6709
447525,7014
447675,7255
447824,7413
447973,7626
448122,7574
448271,7659
448421,7269
448570,7100
448719,6790
448868,6438
449017,6120
449167,5487
449316,5104
449465,4695
449614,4210
449763,3884
449913,3660
450062,3497
450211,3345
450360,3355
450509,3373
450659,3586
450808,3974
450957,4250
451106,4447
451255,4984
451405,5421
451554,5718
451703,6135
451852,6435
452001,6673
452151,6883
452300,7105
452449,7215
452598,7048
452747,7001
452897,6628
453046,6526
453195,6015
453344,5603
453493,5280
453643,4930
453792,4420
453941,4124
454090,3728
454239,3467
454389,3380
454538,3151
454687,3140
454836,3195
454985,3332
455135,3458
455284,3871
455433,4065
455582,4542
455731,4882
455881,5234
456030,5578
456179,6043
456328,6122
456477,6287
456627,6691
456776,6790
456925,6789
457074,6476
457223,6367
457373,6056
457522,5870
457671,5249
457820,5164
457969,4604
458119,4322
458268,3865
458417,3589
458566,3344
458715,3049
458865,2959
459014,2842
459163,3007
459312,3039
459461,3281
459611,3495
459760,3799
459909,4164
460058,4473
460207,4820
460357,5160
460506,5400
460655,5848
460804,5994
460953,5979
461103,6337
461252,6353
461401,6209
461550,5950
461699,5800
461849,5406
461998,5286
462147,4703
462296,4498
462445,4039
462595,3723
462744,3269
462893,3202
463042,2973
463191,2814
463341,2774
463490,2709
463639,2810
463788,3031
463937,3316
464087,3515
464236,3697
464385,4139
464534,4436
464683,4765
464833,5126
464982,5217
465131,5598
465280,5563
465429,5822
465579,5803
465728,5903
465877,5530
466026,5492
466175,5097
466325,4872
466474,4599
466623,4351
466772,3912
466921,3615
467071,3260
467220,2972
467369,2847
467518,2601
467667,2505
467817,2599
467966,2582
468115,2809
468264,2924
468413,3188
468563,3514
468712,3825
468861,3894
469010,4382
469159,4652
469309,4981
469458,5096
469607,5385
469756,5438
469905,5305
470055,5427
470204,5356
470353,5248
470502,4907
470651,4595
470801,4446
470950,3961
471099,3684
471248,3377
471397,3121
471547,2902
471696,2712
471845,2580
471994,2418
472143,2348
472293,2489
472442,2536
472591,2752
472740,2915
472889,3263
473039,3432
473188,3659
473337,4093
473486,4320
473635,4595
473785,4780
473934,5041
474083,5056
474232,5048
474381,5040
474531,5000
474680,4834
474829,4693
474978,4441
475127,4084
475277,3851
475426,3530
475575,3336
475724,3035
475873,2787
476023,2429
476172,2420
476321,2202
476470,2232
476619,2281
476769,2415
476918,2546
477067,2631
477216,2909
477365,3156
477515,3516
477664,3654
477813,4008
477962,4170
478111,4431
478261,4571
478410,4742
478559,4654
478708,4762
478857,4688
479007,4542
479156,4385
479305,4144
479454,3919
479603,3642
479753,3410
479902,3105
480051,2758
480200,2679
480349,2436
480499,2246
480648,2207
480797,2166
480946,2104
481095,2064
481245,2276
481394,2432
481543,2690
481692,2881
481841,3150
481991,3423
482140,3677
482289,3871
482438,3987
482587,4216
482737,4348
482886,4416
483035,4438
483184,4421
483333,4307
483483,4041
483632,4010
483781,3814
483930,3493
484079,3172
484229,2941
484378,2737
484527,2404
484676,2255
484825,2125
484975,1985
485124,1951
485273,1954
485422,1976
485571,2113
485721,2289
485870,2386
486019,2689
486168,2856
486317,3138
486467,3388
486616,3621
486765,3862
486914,4001
487063,4124
487213,4154
487362,4222
487511,4085
487660,3991
487809,3884
487959,3778
488108,3539
488257,3329
488406,3159
488555,2903
488705,2644
488854,2330
489003,2165
489152,1985
489301,1897
489451,1872
489600,1794
489749,1889
489898,1958
490047,2072
490197,2235
490346,2482
490495,2602
490644,2844
490793,3072
490943,3306
491092,3398
491241,3540
491390,3702
491539,3823
491689,3938
491838,3891
491987,3795
492136,3704
492285,3559
492435,3384
492584,3095
492733,2856
492882,2714
493031,2474
493181,2330
493330,2087
493479,1921
493628,1726
493777,1705
493927,1688
494076,1667
494225,1740
494374,1839
494523,2000
494673,2176
494822,2298
494971,2562
495120,2788
495269,3030
495419,3260
495568,3307
495717,3415
495866,3575
496015,3593
496165,3639
496314,3586
496463,3365
496612,3353
496761,3279
496911,2903
497060,2779
497209,2546
497358,2407
497507,2135
497657,1975
497806,1834
497955,1676
498104,1672
498253,1590
498403,1539
498552,1621
498701,1769
498850,1837
498999,1954
499149,2150
499298,2304
499447,2549
499596,2693
499745,3110
499895,3053
500044,3296
500193,3272
500342,3472
500491,3388
500641,3266
500790,3257
500939,3189
501088,3058
501237,2827
501387,2722
501536,2537
501685,2296
501834,2158
501983,1943
502133,1718
502282,1620
502431,1524
502580,1514
502729,1449
502879,1538
503028,1588
503177,1653
503326,1790
503475,1915
503625,2163
503774,2359
503923,2542
504072,2688
504221,2834
504371,3010
504520,2968
504669,3234
504818,3229
504967,3202
505117,3108
505266,3043
505415,2865
505564,2771
505713,2581
505863,2378
506012,2143
506161,1977
506310,1832
506459,1712
506609,1575
506758,1490
506907,1390
507056,1386
507205,1440
507355,1482
507504,1520
507653,1721
507802,1851
507951,1967
508101,2103
508250,2391
508399,2475
508548,2620
508697,2783
508847,2820
508996,3019
509145,3112
509294,2985
509443,2972
509593,2823
509742,2685
509891,2594
510040,2396
510189,2201
510339,2073
510488,1920
510637,1748
510786,1591
510935,1505
511085,1463
511234,1317
511383,1283
511532,1252
511681,1354
511831,1424
511980,1573
512129,1676
512278,1750
512427,1921
512577,2123
512726,2280
512875,2441
513024,2583
513173,2739
513323,2726
513472,2763
513621,2718
513770,2718
513919,2717
514069,2611
514218,2452
514367,2272
514516,2112
514665,1952
514815,1839
514964,1648
515113,1600
515262,1428
515411,1282
515561,1241
515710,1223
515859,1210
516008,1307
516157,1332
516307,1429
516456,1495
516605,1669
516754,1739
516903,1911
517053,2223
517202,2178
517351,2359
517500,2471
517649,2484
517799,2477
517948,2638
518097,2686
518246,2554
518395,2368
518545,2309
518694,2267
518843,2018
518992,1863
519141,1770
519291,1608
519440,1458
519589,1317
519738,1299
519887,1183
520037,1113
520186,1187
520335,1147
520484,1137
520633,1226
520783,1349
520932,1479
521081,1645
521230,1830
521379,1956
521529,2022
521678,2194
521827,2251
521976,2401
522125,2431
522275,2323
522424,2306
522573,2314
522722,2251
522871,2192
523021,2023
523170,1902
523319,1783
523468,1621
523617,1413
523767,1431
523916,1279
524065,1171
524214,1088
524363,1015
524513,1063
524662,1100
524811,1166
524960,1154
525109,1222
525259,1357
525408,1544
525557,1588
525706,1722
525855,1887
526005,1947
526154,2152
526303,2202
526452,2282
526601,2282
526751,2199
526900,2203
527049,2138
527198,2117
527347,1932
527497,1830
527646,1762
527795,1553
527944,1447
528093,1349
528243,1225
528392,1128
528541,1037
528690,1062
528839,946
528989,977
529138,1096
529287,1046
529436,1210
529585,1349
529735,1415
529884,1414
530033,1600
530182,1729
530331,1900
530481,1913
530630,2063
530779,2054
530928,2043
531077,2093
531227,1991
531376,2025
531525,2014
531674,1846
531823,1765
531973,1645
532122,1529
532271,1419
532420,1248
532569,1192
532719,1087
532868,997
533017,917
533166,897
533315,888
533465,982
533614,973
533763,1049
533912,1165
534061,1376
534211,1416
534360,1479
534509,1582
534658,1679
534807,1848
534957,1850
535106,1878
535255,1949
535404,1927
535553,1949
535703,1863
535852,1843
536001,1715
536150,1680
536299,1559
536449,1442
536598,1323
536747,1204
536896,1162
537045,1018
537195,904
537344,883
537493,833
537642,846
537791,878
537941,937
538090,949
538239,1092
538388,1212
538537,1221
538687,1347
538836,1437
538985,1517
539134,1631
539283,1714
539433,1821
539582,1806
539731,1898
539880,1787
540029,1784
540179,1736
540328,1696
540477,1613
540626,1379
540775,1436
540925,1278
541074,1114
541223,1049
541372,967
541521,913
541671,814
541820,800
541969,779
542118,855
542267,836
542417,854
542566,1016
542715,1080
542864,1201
543013,1285
543163,1383
543312,1396
543461,1576
543610,1612
543759,1700
543909,1726
544058,1719
544207,1716
544356,1652
544505,1641
544655,1563
544804,1520
544953,1399
545102,1303
545251,1197
545401,1145
545550,983
545699,935
545848,861
545997,808
546147,821
546296,744
546445,713
546594,793
546743,820
546893,884
547042,1006
547191,1057
547340,1177
547489,1261
547639,1375
547788,1376
547937,1486
548086,1599
548235,1519
548385,1591
548534,1577
548683,1621
548832,1500
548981,1540
549131,1408
549280,1375
549429,1281
549578,1171
549727,1044
549877,999
550026,890
550175,818
550324,740
550473,708
550623,726
550772,735
550921,722
551070,746
551219,796
551369,890
551518,956
551667,1083
551816,1169
551965,1204
552115,1346
552264,1370
552413,1418
552562,1472
552711,1495
552861,1533
553010,1487
553159,1465
553308,1436
553457,1332
553607,1220
553756,1232
553905,1120
554054,986
554203,906
554353,865
554502,770
554651,744
554800,693
554949,610
555099,631
555248,755
555397,662
555546,774
555695,797
555845,871
555994,989
556143,1042
556292,1110
556441,1214
556591,1293
556740,1336
556889,1332
557038,1356
557187,1363
557337,1432
557486,1373
557635,1396
557784,1318
557933,1233
558083,1114
558232,1047
558381,959
558530,875
558679,855
558829,724
558978,708
559127,634
559276,602
559425,589
559575,635
559724,668
559873,645
560022,719
560171,803
560321,885
560470,963
560619,1014
560768,1109
560917,1124
561067,1241
561216,1255
561365,1238
561514,1355
561663,1262
561813,1313
561962,1247
562111,1149
562260,1132
562409,1090
562559,1076
562708,931
562857,868
563006,787
563155,722
563305,683
563454,575
563603,563
563752,577
563901,575
564051,600
564200,647
564349,667
564498,725
564647,773
564797,843
564946,961
565095,1023
565244,1071
565393,1078
565543,1161
565692,1172
565841,1206
565990,1166
566139,1224
566289,1182
566438,1198
566587,1098
566736,1007
566885,971
567035,862
567184,820
567333,706
567482,743
567631,641
567781,581
567930,548
568079,540
568228,521
568377,571
568527,588
568676,700
568825,664
568974,687
569123,785
569273,916
569422,850
569571,990
569720,1000
569869,1084
570019,1099
570168,1185
570317,1113
570466,1127
570615,1093
570765,1064
570914,1070
571063,965
571212,894
571361,888
571511,739
571660,709
571809,691
571958,639
572107,546
572257,518
572406,506
572555,502
572704,531
572853,509
573003,539
573152,594
573301,687
573450,752
573599,756
573749,864
573898,919
574047,940
574196,952
574345,1074
574495,1063
574644,1085
574793,1131
574942,1063
575091,1023
575241,946
575390,958
575539,886
575688,837
575837,764
575987,671
576136,647
576285,559
576434,527
576583,481
576733,439
576882,459
577031,448
577180,551
577329,538
577479,551
577628,612
577777,673
577926,708
578075,836
578225,797
578374,863
578523,952
578672,1027
578821,1038
578971,993
579120,942
579269,1021
579418,990
579567,904
579717,859
579866,835
580015,777
580164,729
580313,692
580463,627
580612,533
580761,490
580910,463
581059,474
581209,428
581358,432
581507,416
581656,519
581805,530
581955,528
582104,630
582253,662
582402,749
582551,759
582701,764
582850,885
582999,908
583148,909
583297,953
583447,944
583596,925
583745,891
583894,921
584043,861
584193,787
584342,726
584491,642
584640,662
584789,606
584939,476
585088,449
585237,416
585386,425
585535,376
585685,403
585834,412
585983,437
586132,481
586281,511
586431,581
586580,645
586729,616
586878,717
587027,779
587177,806
587326,851
587475,833
587624,864
587773,892
587923,882
588072,803
588221,814
588370,800
588519,750
588669,692
588818,630
588967,621
589116,508
589265,475
589415,416
589564,444
589713,398
589862,391
590011,400
590161,425
590310,389
590459,399
590608,466
590757,498
590907,574
591056,610
591205,659
591354,650
591503,742
591653,770
591802,770
591951,831
592100,853
592249,773
592399,809
592548,790
592697,789
592846,716
592995,656
593145,609
593294,535
593443,527
593592,438
593741,438
593891,416
594040,367
594189,390
594338,358
594487,345
594637,399
594786,404
594935,394
595084,454
595233,491
595383,550
595532,602
595681,680
595830,725
595979,699
596129,770
596278,764
596427,829
596576,764
596725,773
596875,729
597024,692
597173,652
597322,667
597471,530
597621,515
597770,446
597919,469
598068,414
598217,376
598367,344
598516,358
598665,327
598814,339
598963,360
599113,380
599262,406
599411,460
599560,458
599709,448
599859,559
600008,574
600157,657
600306,674
600455,647
600605,675
600754,722
600903,680
601052,682
601201,656
601351,698
601500,660
601649,574
601798,557
601947,509
602097,501
602246,427
602395,421
602544,362
602693,334
602843,309
602992,333
603141,318
603290,339
603439,336
603589,392
603738,404
603887,418
604036,483
604185,536
604335,556
604484,594
604633,594
604782,677
604931,652
605081,647
605230,667
605379,598
605528,623
605677,622
605827,600
605976,555
606125,545
606274,512
606423,406
606573,423
606722,380
606871,370
607020,293
607169,327
607319,256
607468,297
607617,304
607766,312
607915,295
608065,331
608214,381
608363,429
608512,470
608661,486
608811,512
608960,541
609109,611
609258,641
609407,572
609557,623
609706,625
609855,638
610004,622
610153,541
610303,570
610452,508
610601,454
610750,431
610899,390
611049,360
611198,323
611347,308
611496,317
611645,297
611795,274
611944,249
612093,313
612242,306
612391,304
612541,334
612690,381
612839,409
612988,465
613137,473
613287,524
613436,573
613585,540
613734,544
613883,583
614033,594
614182,559
614331,580
614480,588
614629,521
614779,488
614928,492
615077,391
615226,384
615375,342
615525,251
615674,285
615823,276
615972,272
616121,267
616271,284
616420,229
616569,305
616718,287
616867,327
617017,356
617166,372
617315,413
617464,417
617613,470
617763,522
617912,500
618061,531
618210,531
618359,565
618509,596
618658,526
618807,491
618956,481
619105,441
619255,420
619404,351
619553,337
619702,309
619851,329
620001,289
620150,273
620299,281
620448,259
620597,240
620747,254
620896,258
621045,277
621194,309
621343,330
621493,352
621642,391
621791,426
621940,433
622089,450
622239,511
622388,495
622537,479
622686,476
622835,499
622985,490
623134,493
623283,432
623432,409
623581,438
623731,367
623880,344
624029,297
624178,296
624327,264
624477,248
624626,274
624775,221
624924,237
625073,238
625223,223
625372,252
625521,289
625670,300
625819,328
625969,329
626118,371
626267,388
626416,447
626565,439
626715,452
626864,450
627013,468
627162,497
627311,493
627461,437
627610,448
627759,378
627908,391
628057,380
628207,328
628356,301
628505,275
628654,256
628803,206
628953,222
629102,207
629251,224
629400,215
629549,229
629699,239
629848,256
629997,275
630146,324
630295,327
630445,361
630594,391
630743,399
630892,442
631041,423
631191,432
631340,430
631489,451
631638,451
631787,448
631937,426
632086,410
632235,363
632384,371
632533,325
632683,301
632832,261
632981,256
633130,230
633279,232
633429,211
633578,201
633727,198
633876,207
634025,218
634175,219
634324,233
634473,254
634622,307
634771,286
634921,345
635070,375
635219,399
635368,385
635517,394
635667,379
635816,415
635965,381
636114,389
636263,412
636413,362
636562,358
636711,327
636860,275
637009,291
637159,287
637308,219
637457,203
637606,212
637755,181
637905,201
638054,196
638203,166
638352,199
638501,227
638651,202
638800,263
638949,289
639098,297
639247,336
639397,322
639546,382
639695,348
639844,382
639993,382
640143,403
640292,428
640441,421
640590,369
640739,336
640889,305
641038,318
641187,263
641336,242
641485,264
641635,207
641784,209
641933,181
642082,181
642231,169
642381,177
642530,184
642679,177
642828,196
642977,221
643127,227
643276,241
643425,256
643574,298
643723,297
643873,329
644022,321
644171,351
644320,344
644469,379
644619,341
644768,344
644917,353
645066,362
645215,350
645365,322
645514,286
645663,236
645812,253
645961,232
646111,199
646260,176
646409,160
646558,186
646707,144
646857,167
647006,158
647155,171
647304,166
647453,216
647603,225
647752,240
647901,291
648050,256
648199,274
648349,312
648498,336
648647,342
648796,345
648945,353
649095,347
649244,355
649393,309
649542,320
649691,303
649841,258
649990,258